{"eval/steps_per_second":2.37,"train/learning_rate":1e-07,"train/loss":153.5126,"train/grad_norm":3763.10986328125,"eval/samples_per_second":18.96,"_timestamp":1.7313459311517575e+09,"eval/runtime":158.2265,"_wandb":{"runtime":322},"_step":1,"train/epoch":0.002857142857142857,"eval/wer":0.09685852835757959,"train/global_step":10,"eval/loss":566.6846923828125,"_runtime":170.390560618}